[
  {
    "id": 1,
    "quote": "Lorem ipsum dolor sit ametet verear infor noluisse eumdiam congue refor midans was at atomorum his idpri te hinc expetendasts ipsum dolor sit amet, consectetur adipisicing elit, sed do eiusmod tempor incididunt ut labore et dolore magna Lorem ipsum dolor sit amet consectetur adipisicing elit",
    "author": "John Watson",
    "designation": "CEO At Facebook",
    "authorThumb": "tes3.jpg"
  },
  {
    "id": 2,
    "quote": "Lorem ipsum dolor sit ametet verear infor noluisse eumdiam congue refor midans was at atomorum his idpri te hinc expetendasts ipsum dolor sit amet, consectetur adipisicing elit, sed do eiusmod tempor incididunt ut labore et dolore magna Lorem ipsum dolor sit amet consectetur adipisicing elit",
    "author": "Adam Crew",
    "designation": "CEO At Facebook",
    "authorThumb": "tes2.jpg"
  },
  {
    "id": 3,
    "quote": "Lorem ipsum dolor sit ametet verear infor noluisse eumdiam congue refor midans was at atomorum his idpri te hinc expetendasts ipsum dolor sit amet, consectetur adipisicing elit, sed do eiusmod tempor incididunt ut labore et dolore magna Lorem ipsum dolor sit amet consectetur adipisicing elit",
    "author": "Deo Crew",
    "designation": "Manager",
    "authorThumb": "tes1.jpg"
  }
]