{
    "secTitle": "We Do What We Love To Do. Find the Best Course To Fit Your Needs.",
    "dataList": [
        {
            "id": "1",
            "targetId": "desi",
            "imgUrl": "course-1.jpg",
            "authorImg": "author.jpg",
            "authorName": "John Doe",
            "authorCourses": "13 Courses",
            "price": "$20",
            "courseTitle": "Php & mySql Programming",
            "courseDesc": "Lorem ipsum dolor sit, amet consectetur adipisicing elit. Tenetur accusamus hic ea in autem debitis minima.",
            "courseLink": "/course-details"
        },
        {
            "id": "2",
            "targetId": "deve",
            "imgUrl": "course-2.jpg",
            "authorImg": "author.jpg",
            "authorName": "Jara Sen",
            "authorCourses": "21 Courses",
            "price": "$13",
            "courseTitle": "Microsoft Excel for Beginner",
            "courseDesc": "Lorem ipsum dolor sit, amet consectetur adipisicing elit. Tenetur accusamus hic ea in autem debitis minima.",
            "courseLink": "/course-details"
        },
        {
            "id": "3",
            "targetId": "seo",
            "imgUrl": "course-3.jpg",
            "authorImg": "author.jpg",
            "authorName": "Kim Chang",
            "authorCourses": "26 Courses",
            "price": "$19",
            "courseTitle": "Digital Marketing Course",
            "courseDesc": "Lorem ipsum dolor sit, amet consectetur adipisicing elit. Tenetur accusamus hic ea in autem debitis minima.",
            "courseLink": "/course-details"
        },
        {
            "id": "4",
            "targetId": "prog",
            "imgUrl": "course-4.jpg",
            "authorImg": "author.jpg",
            "authorName": "Jim Hunt",
            "authorCourses": "09 Courses",
            "price": "$15",
            "courseTitle": "Zero to Hero in Python 3",
            "courseDesc": "Lorem ipsum dolor sit, amet consectetur adipisicing elit. Tenetur accusamus hic ea in autem debitis minima.",
            "courseLink": "/course-details"
        },
        {
            "id": "5",
            "targetId": "desi",
            "imgUrl": "course-5.jpg",
            "authorImg": "author.jpg",
            "authorName": "Sara Kim",
            "authorCourses": "17 Courses",
            "price": "$21",
            "courseTitle": "React JS, Angular & Vue JS",
            "courseDesc": "Lorem ipsum dolor sit, amet consectetur adipisicing elit. Tenetur accusamus hic ea in autem debitis minima.",
            "courseLink": "/course-details"
        },
        {
            "id": "6",
            "targetId": "deve",
            "imgUrl": "course-6.jpg",
            "authorImg": "author.jpg",
            "authorName": "Shon Doe",
            "authorCourses": "31 Courses",
            "price": "$24",
            "courseTitle": "Laravel API Development",
            "courseDesc": "Lorem ipsum dolor sit, amet consectetur adipisicing elit. Tenetur accusamus hic ea in autem debitis minima.",
            "courseLink": "/course-details"
        }
    ]
}