[
  {
    "id": 1, 
    "title": "Global Chain Solutions", 
    "text": "Efficiently unleash cross-mediaing information without cross-media unleash cross-mediaing",
    "icon": "icon_group" 
  },
  {
    "id": 2, 
    "title": "24 Hrs - Technical Support", 
    "text": "Efficiently unleash cross-mediaing information without cross-media unleash cross-mediaing",
    "icon": "icon_easel"  
  },
  {
    "id": 3, 
    "title": "Mobile Shipment Tracking", 
    "text": "Efficiently unleash cross-mediaing information without cross-media unleash cross-mediaing",
    "icon": "icon_piechart" 
  },
  {
    "id": 4, 
    "title": "Mobile Shipment Tracking", 
    "text": "Efficiently unleash cross-mediaing information without cross-media unleash cross-mediaing",
    "icon": "icon_datareport" 
  }
]