[
    {
        "galleryImage": "imagegallery-01.jpg"
    },
    {
        "galleryImage": "imagegallery-02.jpg"
    },
    {
        "galleryImage": "imagegallery-03.jpg"
    },
    {
        "galleryImage": "imagegallery-04.jpg"
    },
    {
        "galleryImage": "imagegallery-05.jpg"
    },
    {
        "galleryImage": "imagegallery-06.jpg"
    },
    {
        "galleryImage": "imagegallery-07.jpg"
    },
    {
        "galleryImage": "imagegallery-08.jpg"
    },
    {
        "galleryImage": "imagegallery-09.jpg"
    }
]