[
    {
      "id": 1,
      "thumb": "service_1.jpg",
      "title": "business growth",
      "text": "Lorem ipsum dolor sit amet consectetur adipiscing elited hasellus id lectus quis dui euismod con placerat ssa nec elit egestas efficitur"
    },
    {
      "id": 2,
      "thumb": "service_2.jpg",
      "title": "advanced analtic",
      "text": "Lorem ipsum dolor sit amet consectetur adipiscing elited hasellus id lectus quis dui euismod con placerat ssa nec elit egestas efficitur"
    },
    {
      "id": 3,
      "thumb": "service_3.jpg",
      "title": "customer insights",
      "text": "Lorem ipsum dolor sit amet consectetur adipiscing elited hasellus id lectus quis dui euismod con placerat ssa nec elit egestas efficitur"
    }
 
  ]