[
    {
        "id": "1",
        "postImg": "blog_c-02.jpg",
        "authorImg": "author.jpg",
        "authorName": "Medison Azar",
        "postLink": "/blog-details",
        "postDate": "April 23, 2020",
        "postTitle": "Ratione omnis consequuntur placeae consol fugit eaque vitae hic.",
        "postDesc": "Lorem ipsum dolor sit, amet consectetur adipisicing elit. Officiis, quos commodi Quasi laudantium, voluptatem velit necessitatibus.",
        "authorLink": "/"
    },
    {
        "id": "2",
        "postImg": "blog_c-03.jpg",
        "authorImg": "author.jpg",
        "authorName": "Medison Azar",
        "postLink": "/blog-details",
        "postDate": "April 23, 2020",
        "postTitle": "Ratione omnis consequuntur placeae consol fugit eaque vitae hic.",
        "postDesc": "Lorem ipsum dolor sit, amet consectetur adipisicing elit. Officiis, quos commodi Quasi laudantium, voluptatem velit necessitatibus.",
        "authorLink": "/"
    },
    {
        "id": "3",
        "postImg": "blog_c-05.jpg",
        "authorImg": "author.jpg",
        "authorName": "Medison Azar",
        "postLink": "/blog-details",
        "postDate": "April 23, 2020",
        "postTitle": "Ratione omnis consequuntur placeae consol fugit eaque vitae hic.",
        "postDesc": "Lorem ipsum dolor sit, amet consectetur adipisicing elit. Officiis, quos commodi Quasi laudantium, voluptatem velit necessitatibus.",
        "authorLink": "/"
    },
    {
        "id": "4",
        "postImg": "blog_c-06.jpg",
        "authorImg": "author.jpg",
        "authorName": "Medison Azar",
        "postLink": "/blog-details",
        "postDate": "April 23, 2020",
        "postTitle": "Ratione omnis consequuntur placeae consol fugit eaque vitae hic.",
        "postDesc": "Lorem ipsum dolor sit, amet consectetur adipisicing elit. Officiis, quos commodi Quasi laudantium, voluptatem velit necessitatibus.",
        "authorLink": "/"
    },
    {
        "id": "5",
        "postImg": "blog_c-07.jpg",
        "authorImg": "author.jpg",
        "authorName": "Medison Azar",
        "postLink": "/blog-details",
        "postDate": "April 23, 2020",
        "postTitle": "Ratione omnis consequuntur placeae consol fugit eaque vitae hic.",
        "postDesc": "Lorem ipsum dolor sit, amet consectetur adipisicing elit. Officiis, quos commodi Quasi laudantium, voluptatem velit necessitatibus.",
        "authorLink": "/"
    },
    {
        "id": "6",
        "postImg": "blog_c-08.jpg",
        "authorImg": "author.jpg",
        "authorName": "Medison Azar",
        "postLink": "/blog-details",
        "postDate": "April 23, 2020",
        "postTitle": "Ratione omnis consequuntur placeae consol fugit eaque vitae hic.",
        "postDesc": "Lorem ipsum dolor sit, amet consectetur adipisicing elit. Officiis, quos commodi Quasi laudantium, voluptatem velit necessitatibus.",
        "authorLink": "/"
    }
]