[
  {
    "id": 1, 
    "title": "business growth",
    "shortDesc": "Lorem ipsum dolor sit amet consectetur adipiscing elited hasellus id lectus quis dui euismod con placerat ssa nec elit egestas amet sed at... ", 
    "description": "<p>Lorem ipsum dolor sit amet, in urna molestie tristique.Cong erment sed at facilisis lacinia aliquam fusce wisi, porta ligula nibh vel congue diam. Sed ligula erat molestie cras morbi in facilisis eu . </p> <p>Lorem ipsum dolor sit amet, in urna molestie tristique.Cong erment sed at facilisis lacinia aliquam fusce wisi, porta ligula nibh vel congue diam. Sed ligula erat molestie cras morbi in facilisis eu Lorem ipsum dolor sit amet,in urna molestie tristique.Cong erment sed at facilisis lacinia aliquam fusce wisi, porta ligula nibh vel congue diam. Sed ligula erat molestie cras morbi in facilisis eu elit Lorem ipsum dolor</p><p>sit amet, in urna molestie tristique.Cong erment sed at facilisis lacinia aliquam fusce wisi, porta ligula nibh vel congue diam. Sed ligula erat molestie cras morbi in in urna molestie tristique.Cong erment sed at facilisis lacinia aliquam fusce wisi</p>",
    "icon": "icon_easel",
    "thumb": "service_1.jpg",
    "btnText": "Read More",
    "singleThumb": "blog_1.jpg"
  },
  {
    "id": 2, 
    "title": "advanced analtic",
    "shortDesc": "Lorem ipsum dolor sit amet consectetur adipiscing elited hasellus id lectus quis dui euismod con placerat ssa nec elit egestas amet sed at... ",
    "description": "<p>Lorem ipsum dolor sit amet, in urna molestie tristique.Cong erment sed at facilisis lacinia aliquam fusce wisi, porta ligula nibh vel congue diam. Sed ligula erat molestie cras morbi in facilisis eu . </p> <p>Lorem ipsum dolor sit amet, in urna molestie tristique.Cong erment sed at facilisis lacinia aliquam fusce wisi, porta ligula nibh vel congue diam. Sed ligula erat molestie cras morbi in facilisis eu Lorem ipsum dolor sit amet,in urna molestie tristique.Cong erment sed at facilisis lacinia aliquam fusce wisi, porta ligula nibh vel congue diam. Sed ligula erat molestie cras morbi in facilisis eu elit Lorem ipsum dolor</p><p>sit amet, in urna molestie tristique.Cong erment sed at facilisis lacinia aliquam fusce wisi, porta ligula nibh vel congue diam. Sed ligula erat molestie cras morbi in in urna molestie tristique.Cong erment sed at facilisis lacinia aliquam fusce wisi</p>",
    "icon": "icon_piechart",
    "thumb": "service_2.jpg",
    "btnText": "Read More",
    "singleThumb": "blog_1.jpg"
  },
  {
    "id": 3, 
    "title": "Express Delivery",
    "shortDesc": "Lorem ipsum dolor sit amet consectetur adipiscing elited hasellus id lectus quis dui euismod con placerat ssa nec elit egestas amet sed at... ",
    "description": "<p>Lorem ipsum dolor sit amet, in urna molestie tristique.Cong erment sed at facilisis lacinia aliquam fusce wisi, porta ligula nibh vel congue diam. Sed ligula erat molestie cras morbi in facilisis eu . </p> <p>Lorem ipsum dolor sit amet, in urna molestie tristique.Cong erment sed at facilisis lacinia aliquam fusce wisi, porta ligula nibh vel congue diam. Sed ligula erat molestie cras morbi in facilisis eu Lorem ipsum dolor sit amet,in urna molestie tristique.Cong erment sed at facilisis lacinia aliquam fusce wisi, porta ligula nibh vel congue diam. Sed ligula erat molestie cras morbi in facilisis eu elit Lorem ipsum dolor</p><p>sit amet, in urna molestie tristique.Cong erment sed at facilisis lacinia aliquam fusce wisi, porta ligula nibh vel congue diam. Sed ligula erat molestie cras morbi in in urna molestie tristique.Cong erment sed at facilisis lacinia aliquam fusce wisi</p>",
    "icon": "icon_datareport",
    "thumb": "service_3.jpg",
    "btnText": "Read More",
    "singleThumb": "blog_1.jpg"
  },
  {
    "id": 4, 
    "title": "Mobile Design",
    "shortDesc": "Lorem ipsum dolor sit amet consectetur adipiscing elited hasellus id lectus quis dui euismod con placerat ssa nec elit egestas amet sed at... ",
    "description": "<p>Lorem ipsum dolor sit amet, in urna molestie tristique.Cong erment sed at facilisis lacinia aliquam fusce wisi, porta ligula nibh vel congue diam. Sed ligula erat molestie cras morbi in facilisis eu . </p> <p>Lorem ipsum dolor sit amet, in urna molestie tristique.Cong erment sed at facilisis lacinia aliquam fusce wisi, porta ligula nibh vel congue diam. Sed ligula erat molestie cras morbi in facilisis eu Lorem ipsum dolor sit amet,in urna molestie tristique.Cong erment sed at facilisis lacinia aliquam fusce wisi, porta ligula nibh vel congue diam. Sed ligula erat molestie cras morbi in facilisis eu elit Lorem ipsum dolor</p><p>sit amet, in urna molestie tristique.Cong erment sed at facilisis lacinia aliquam fusce wisi, porta ligula nibh vel congue diam. Sed ligula erat molestie cras morbi in in urna molestie tristique.Cong erment sed at facilisis lacinia aliquam fusce wisi</p>",
    "icon": "icon_piechart",
    "thumb": "service_2.jpg",
    "btnText": "Read More",
    "singleThumb": "blog_2.jpg"
  },
  {
    "id": 5, 
    "title": "customer support",
    "shortDesc": "Lorem ipsum dolor sit amet consectetur adipiscing elited hasellus id lectus quis dui euismod con placerat ssa nec elit egestas amet sed at... ",
    "description": "<p>Lorem ipsum dolor sit amet, in urna molestie tristique.Cong erment sed at facilisis lacinia aliquam fusce wisi, porta ligula nibh vel congue diam. Sed ligula erat molestie cras morbi in facilisis eu . </p> <p>Lorem ipsum dolor sit amet, in urna molestie tristique.Cong erment sed at facilisis lacinia aliquam fusce wisi, porta ligula nibh vel congue diam. Sed ligula erat molestie cras morbi in facilisis eu Lorem ipsum dolor sit amet,in urna molestie tristique.Cong erment sed at facilisis lacinia aliquam fusce wisi, porta ligula nibh vel congue diam. Sed ligula erat molestie cras morbi in facilisis eu elit Lorem ipsum dolor</p><p>sit amet, in urna molestie tristique.Cong erment sed at facilisis lacinia aliquam fusce wisi, porta ligula nibh vel congue diam. Sed ligula erat molestie cras morbi in in urna molestie tristique.Cong erment sed at facilisis lacinia aliquam fusce wisi</p>",
    "icon": "icon_lightbulb",
    "thumb": "service_1.jpg",
    "btnText": "Read More",
    "singleThumb": "blog_2.jpg"
  },
  {
    "id": 6, 
    "title": "Digital Marketing",
    "shortDesc": "Lorem ipsum dolor sit amet consectetur adipiscing elited hasellus id lectus quis dui euismod con placerat ssa nec elit egestas amet sed at... ",
    "description": "<p>Lorem ipsum dolor sit amet, in urna molestie tristique.Cong erment sed at facilisis lacinia aliquam fusce wisi, porta ligula nibh vel congue diam. Sed ligula erat molestie cras morbi in facilisis eu . </p> <p>Lorem ipsum dolor sit amet, in urna molestie tristique.Cong erment sed at facilisis lacinia aliquam fusce wisi, porta ligula nibh vel congue diam. Sed ligula erat molestie cras morbi in facilisis eu Lorem ipsum dolor sit amet,in urna molestie tristique.Cong erment sed at facilisis lacinia aliquam fusce wisi, porta ligula nibh vel congue diam. Sed ligula erat molestie cras morbi in facilisis eu elit Lorem ipsum dolor</p><p>sit amet, in urna molestie tristique.Cong erment sed at facilisis lacinia aliquam fusce wisi, porta ligula nibh vel congue diam. Sed ligula erat molestie cras morbi in in urna molestie tristique.Cong erment sed at facilisis lacinia aliquam fusce wisi</p>",
    "icon": "icon_easel",
    "thumb": "service_3.jpg",
    "btnText": "Read More",
    "singleThumb": "blog_1.jpg"
  },
  {
    "id": 7, 
    "title": "Express Delivery",
    "shortDesc": "Lorem ipsum dolor sit amet consectetur adipiscing elited hasellus id lectus quis dui euismod con placerat ssa nec elit egestas amet sed at... ",
    "description": "<p>Lorem ipsum dolor sit amet, in urna molestie tristique.Cong erment sed at facilisis lacinia aliquam fusce wisi, porta ligula nibh vel congue diam. Sed ligula erat molestie cras morbi in facilisis eu . </p> <p>Lorem ipsum dolor sit amet, in urna molestie tristique.Cong erment sed at facilisis lacinia aliquam fusce wisi, porta ligula nibh vel congue diam. Sed ligula erat molestie cras morbi in facilisis eu Lorem ipsum dolor sit amet,in urna molestie tristique.Cong erment sed at facilisis lacinia aliquam fusce wisi, porta ligula nibh vel congue diam. Sed ligula erat molestie cras morbi in facilisis eu elit Lorem ipsum dolor</p><p>sit amet, in urna molestie tristique.Cong erment sed at facilisis lacinia aliquam fusce wisi, porta ligula nibh vel congue diam. Sed ligula erat molestie cras morbi in in urna molestie tristique.Cong erment sed at facilisis lacinia aliquam fusce wisi</p>",
    "icon": "icon_house",
    "thumb": "service_2.jpg",
    "btnText": "Read More",
    "singleThumb": "blog_2.jpg"
  }

]