[
  {
    "id": 1, 
    "title": "Welcome to Elizah <br> Creative Studio",
    "description": "Lorem ipsum dolor sit amet consectetur adipiscing elit. Sed dapibus enim sit amet pellentesque imperdiet nibh tortor fringilla tortor eu sodales leo augue eget justo.",
    "bg": "slider3.jpg",
    "btnText": "Get A Quote",
    "btnLink": "/contact"
  },
  {
    "id": 2, 
    "title": "Welcome to Elizah <br> Creative Studio",
    "description": "Lorem ipsum dolor sit amet consectetur adipiscing elit. Sed dapibus enim sit amet pellentesque imperdiet nibh tortor fringilla tortor eu sodales leo augue eget justo.",
    "bg": "slider4.jpg",
    "btnText": "Contact Us",
    "btnLink": "/contact"
  }

]