[
    {
        "id": "1",
        "faqTitle": "I don't know What should I write here?",
        "faqDesc": "Anim pariatur cliche reprehenderit, enim eiusm high life accusamus terry richardson ad squid. 3 wolf moon officia aute."
    },
    {
        "id": "2",
        "faqTitle": "I don't know What should I write here?",
        "faqDesc": "Anim pariatur cliche reprehenderit, enim eiusm high life accusamus terry richardson ad squid. 3 wolf moon officia aute."
    },
    {
        "id": "3",
        "faqTitle": "I don't know What should I write here?",
        "faqDesc": "Anim pariatur cliche reprehenderit, enim eiusm high life accusamus terry richardson ad squid. 3 wolf moon officia aute."
    },
    {
        "id": "4",
        "faqTitle": "I don't know What should I write here?",
        "faqDesc": "Anim pariatur cliche reprehenderit, enim eiusm high life accusamus terry richardson ad squid. 3 wolf moon officia aute."
    },
    {
        "id": "5",
        "faqTitle": "I don't know What should I write here?",
        "faqDesc": "Anim pariatur cliche reprehenderit, enim eiusm high life accusamus terry richardson ad squid. 3 wolf moon officia aute."
    },
    {
        "id": "6",
        "faqTitle": "I don't know What should I write here?",
        "faqDesc": "Anim pariatur cliche reprehenderit, enim eiusm high life accusamus terry richardson ad squid. 3 wolf moon officia aute."
    },
    {
        "id": "7",
        "faqTitle": "I don't know What should I write here?",
        "faqDesc": "Anim pariatur cliche reprehenderit, enim eiusm high life accusamus terry richardson ad squid. 3 wolf moon officia aute."
    },
    {
        "id": "8",
        "faqTitle": "I don't know What should I write here?",
        "faqDesc": "Anim pariatur cliche reprehenderit, enim eiusm high life accusamus terry richardson ad squid. 3 wolf moon officia aute."
    }
]