{
    "mainImage": "about-1.jpg",
    "videoBackground": "vd-bg.jpg",
    "title": "We Have Experienced Professionals & We Do Our Best To Achieve Your Goal. Your Happiness Is Our First Priority.",
    "desc1": "Lorem, ipsum dolor sit amet consectetur adipisicing elit. Corporis error ut provident vel repellendus nihil atque possimus aliquam, mollitia tempora neque voluptate debitis illum veniam.Numquam blanditiis dignissimos laboriosam illum ut officia.",
    "desc2": "Nam aperiam autem nesciunt perferendis id. Lorem ipsum dolor sit, amet consectetur adipisicing elit. Quas nulla sequi pariatur quam animi ipsum molestias assumenda cumque."
}