{
    "secTitle": "Lets See What Our Valuable Students Think About Us. Their Testimonials.",
    "backgroundImage": "vd-bg.jpg",
    "dataList": [
        {
            "id": "1",
            "testimonialTitle": "It is great to be a part of this community.",
            "testimonialDesc": "Lorem ipsum dolor sit amet, consectetur adipisicing elit. Exercitation maior. Placeat repellat, et totam optio. Sequi qui laborum ratione cumque tempo totam voluptatum.",
            "authorImg": "testimonial-1.jpg",
            "authorName": "David Show",
            "authorTitle": "Developer"
        },
        {
            "id": "2",
            "testimonialTitle": "It is great to be a part of this community.",
            "testimonialDesc": "Lorem ipsum dolor sit amet, consectetur adipisicing elit. Exercitation maior. Placeat repellat, et totam optio. Sequi qui laborum ratione cumque tempo totam voluptatum.",
            "authorImg": "testimonial-2.jpg",
            "authorName": "Tom Parker",
            "authorTitle": "Programmer"
        }
    ]
}