[
    {
        "id": "1",
        "personImage": "team-1.jpg",
        "personName": "Emily Perrey",
        "personTitle": "Teacher",
        "socialLinks": {
            "facebook": "//www.facebook.com",
            "twitter": "//www.twitter.com",
            "linkedin": "//www.linkedin.com",
            "youtube": "//www.youtube.com"
        }
    },
    {
        "id": "2",
        "personImage": "team-2.jpg",
        "personName": "Justin Timbr",
        "personTitle": "Teacher",
        "socialLinks": {
            "facebook": "//www.facebook.com",
            "twitter": "//www.twitter.com",
            "linkedin": "//www.linkedin.com",
            "youtube": "//www.youtube.com"
        }
    },
    {
        "id": "3",
        "personImage": "team-3.jpg",
        "personName": "Medison White",
        "personTitle": "Teacher",
        "socialLinks": {
            "facebook": "//www.facebook.com",
            "twitter": "//www.twitter.com",
            "linkedin": "//www.linkedin.com",
            "youtube": "//www.youtube.com"
        }
    },
    {
        "id": "4",
        "personImage": "team-4.jpg",
        "personName": "Mark Shadow",
        "personTitle": "Teacher",
        "socialLinks": {
            "facebook": "//www.facebook.com",
            "twitter": "//www.twitter.com",
            "linkedin": "//www.linkedin.com",
            "youtube": "//www.youtube.com"
        }
    },
    {
        "id": "5",
        "personImage": "team-5.jpg",
        "personName": "Katy Perrey",
        "personTitle": "Teacher",
        "socialLinks": {
            "facebook": "//www.facebook.com",
            "twitter": "//www.twitter.com",
            "linkedin": "//www.linkedin.com",
            "youtube": "//www.youtube.com"
        }
    },
    {
        "id": "6",
        "personImage": "team-6.jpg",
        "personName": "David Smith",
        "personTitle": "Teacher",
        "socialLinks": {
            "facebook": "//www.facebook.com",
            "twitter": "//www.twitter.com",
            "linkedin": "//www.linkedin.com",
            "youtube": "//www.youtube.com"
        }
    },
    {
        "id": "7",
        "personImage": "team-7.jpg",
        "personName": "Ely Parker",
        "personTitle": "Teacher",
        "socialLinks": {
            "facebook": "//www.facebook.com",
            "twitter": "//www.twitter.com",
            "linkedin": "//www.linkedin.com",
            "youtube": "//www.youtube.com"
        }
    },
    {
        "id": "8",
        "personImage": "team-8.jpg",
        "personName": "Shown Marsh",
        "personTitle": "Teacher",
        "socialLinks": {
            "facebook": "//www.facebook.com",
            "twitter": "//www.twitter.com",
            "linkedin": "//www.linkedin.com",
            "youtube": "//www.youtube.com"
        }
    },
    {
        "id": "9",
        "personImage": "team-9.jpg",
        "personName": "Jinnat Watson",
        "personTitle": "Teacher",
        "socialLinks": {
            "facebook": "//www.facebook.com",
            "twitter": "//www.twitter.com",
            "linkedin": "//www.linkedin.com",
            "youtube": "//www.youtube.com"
        }
    },
    {
        "id": "10",
        "personImage": "team-10.jpg",
        "personName": "Alister Cook",
        "personTitle": "Teacher",
        "socialLinks": {
            "facebook": "//www.facebook.com",
            "twitter": "//www.twitter.com",
            "linkedin": "//www.linkedin.com",
            "youtube": "//www.youtube.com"
        }
    },
    {
        "id": "11",
        "personImage": "team-11.jpg",
        "personName": "Sam Perrey",
        "personTitle": "Teacher",
        "socialLinks": {
            "facebook": "//www.facebook.com",
            "twitter": "//www.twitter.com",
            "linkedin": "//www.linkedin.com",
            "youtube": "//www.youtube.com"
        }
    },
    {
        "id": "12",
        "personImage": "team-12.jpg",
        "personName": "Katerin White",
        "personTitle": "Teacher",
        "socialLinks": {
            "facebook": "//www.facebook.com",
            "twitter": "//www.twitter.com",
            "linkedin": "//www.linkedin.com",
            "youtube": "//www.youtube.com"
        }
    }
]